Country, Deaths / 100 Covid-19 Cases
Country, economy of a country
Country, new cases of the covid-19
Country, climate
Country, spread of the covid-19 virus
Country, population size
Country, time zone
Country, official Language
economy of a country, Deaths / 100 Covid-19 Cases
new cases of the covid-19, Deaths / 100 Covid-19 Cases
climate, Deaths / 100 Covid-19 Cases
climate, new cases of the covid-19
climate, spread of the covid-19 virus
geography, climate
geography, ethnic groups
geography, time zone
geography, Country
spread of the covid-19 virus, Deaths / 100 Covid-19 Cases
spread of the covid-19 virus, new cases of the covid-19
population size, new cases of the covid-19
population size, spread of the covid-19 virus
ethnic groups, Country
ethnic groups, official Language
